Equipment Name,Type,Flowrate,Pressure,Temperature
Industrial Pump 1,Pump,250.8,3.2,85.4
Industrial Pump 2,Pump,275.3,3.5,88.7
Industrial Pump 3,Pump,230.6,2.9,82.1
Industrial Pump 4,Pump,290.4,3.8,91.2
Industrial Pump 5,Pump,265.7,3.4,87.6
Industrial Pump 6,Pump,245.9,3.1,84.3
Industrial Pump 7,Pump,280.2,3.6,89.8
Industrial Pump 8,Pump,255.5,3.3,86.5
Industrial Pump 9,Pump,270.1,3.7,90.1
Industrial Pump 10,Pump,240.8,3.0,83.2
Industrial Pump 11,Pump,285.6,3.9,92.4
Industrial Pump 12,Pump,260.3,3.5,88.9
Industrial Pump 13,Pump,235.7,2.8,81.6
Industrial Pump 14,Pump,275.9,3.6,89.3
Industrial Pump 15,Pump,250.4,3.2,85.8
